"filename", "language", "C++", "Dart", "Markdown", "YAML", "Python", "PowerShell", "Swift", "JSON", "XML", "HTML", "Kotlinscript", "Java Properties", "Kotlin", "comment", "blank", "total"
"c:\Users\Emanuele\Progetti\LearningByProject\MUFANT-app\app\MIGRATION_CHECKLIST.md", "Markdown", 0, 0, 43, 0, 0, 0, 0, 0, 0, 0, 0, 0, 0, 0, 17, 60
"c:\Users\Emanuele\Progetti\LearningByProject\MUFANT-app\app\README.md", "Markdown", 0, 0, 70, 0, 0, 0, 0, 0, 0, 0, 0, 0, 0, 0, 32, 102
"c:\Users\Emanuele\Progetti\LearningByProject\MUFANT-app\app\analysis_options.yaml", "YAML", 0, 0, 0, 3, 0, 0, 0, 0, 0, 0, 0, 0, 0, 22, 4, 29
"c:\Users\Emanuele\Progetti\LearningByProject\MUFANT-app\app\android\app\build.gradle.kts", "Kotlinscript", 0, 0, 0, 0, 0, 0, 0, 0, 0, 0, 32, 0, 0, 6, 7, 45
"c:\Users\Emanuele\Progetti\LearningByProject\MUFANT-app\app\android\app\src\debug\AndroidManifest.xml", "XML", 0, 0, 0, 0, 0, 0, 0, 0, 3, 0, 0, 0, 0, 4, 1, 8
"c:\Users\Emanuele\Progetti\LearningByProject\MUFANT-app\app\android\app\src\main\AndroidManifest.xml", "XML", 0, 0, 0, 0, 0, 0, 0, 0, 34, 0, 0, 0, 0, 11, 1, 46
"c:\Users\Emanuele\Progetti\LearningByProject\MUFANT-app\app\android\app\src\main\kotlin\com\example\app\MainActivity.kt", "Kotlin", 0, 0, 0, 0, 0, 0, 0, 0, 0, 0, 0, 0, 3, 0, 3, 6
"c:\Users\Emanuele\Progetti\LearningByProject\MUFANT-app\app\android\app\src\main\res\drawable-v21\launch_background.xml", "XML", 0, 0, 0, 0, 0, 0, 0, 0, 4, 0, 0, 0, 0, 7, 2, 13
"c:\Users\Emanuele\Progetti\LearningByProject\MUFANT-app\app\android\app\src\main\res\drawable\launch_background.xml", "XML", 0, 0, 0, 0, 0, 0, 0, 0, 4, 0, 0, 0, 0, 7, 2, 13
"c:\Users\Emanuele\Progetti\LearningByProject\MUFANT-app\app\android\app\src\main\res\values-night\styles.xml", "XML", 0, 0, 0, 0, 0, 0, 0, 0, 9, 0, 0, 0, 0, 9, 1, 19
"c:\Users\Emanuele\Progetti\LearningByProject\MUFANT-app\app\android\app\src\main\res\values\styles.xml", "XML", 0, 0, 0, 0, 0, 0, 0, 0, 9, 0, 0, 0, 0, 9, 1, 19
"c:\Users\Emanuele\Progetti\LearningByProject\MUFANT-app\app\android\app\src\profile\AndroidManifest.xml", "XML", 0, 0, 0, 0, 0, 0, 0, 0, 3, 0, 0, 0, 0, 4, 1, 8
"c:\Users\Emanuele\Progetti\LearningByProject\MUFANT-app\app\android\build.gradle.kts", "Kotlinscript", 0, 0, 0, 0, 0, 0, 0, 0, 0, 0, 18, 0, 0, 0, 4, 22
"c:\Users\Emanuele\Progetti\LearningByProject\MUFANT-app\app\android\build\reports\problems\problems-report.html", "HTML", 0, 0, 0, 0, 0, 0, 0, 0, 0, 548, 0, 0, 0, 2, 114, 664
"c:\Users\Emanuele\Progetti\LearningByProject\MUFANT-app\app\android\gradle.properties", "Java Properties", 0, 0, 0, 0, 0, 0, 0, 0, 0, 0, 0, 3, 0, 0, 1, 4
"c:\Users\Emanuele\Progetti\LearningByProject\MUFANT-app\app\android\gradle\wrapper\gradle-wrapper.properties", "Java Properties", 0, 0, 0, 0, 0, 0, 0, 0, 0, 0, 0, 5, 0, 0, 1, 6
"c:\Users\Emanuele\Progetti\LearningByProject\MUFANT-app\app\android\settings.gradle.kts", "Kotlinscript", 0, 0, 0, 0, 0, 0, 0, 0, 0, 0, 21, 0, 0, 0, 5, 26
"c:\Users\Emanuele\Progetti\LearningByProject\MUFANT-app\app\assets\translations\en.json", "JSON", 0, 0, 0, 0, 0, 0, 0, 253, 0, 0, 0, 0, 0, 0, 0, 253
"c:\Users\Emanuele\Progetti\LearningByProject\MUFANT-app\app\assets\translations\it.json", "JSON", 0, 0, 0, 0, 0, 0, 0, 263, 0, 0, 0, 0, 0, 0, 0, 263
"c:\Users\Emanuele\Progetti\LearningByProject\MUFANT-app\app\devtools_options.yaml", "YAML", 0, 0, 0, 3, 0, 0, 0, 0, 0, 0, 0, 0, 0, 0, 1, 4
"c:\Users\Emanuele\Progetti\LearningByProject\MUFANT-app\app\flutter_launcher_icons.yaml", "YAML", 0, 0, 0, 21, 0, 0, 0, 0, 0, 0, 0, 0, 0, 9, 6, 36
"c:\Users\Emanuele\Progetti\LearningByProject\MUFANT-app\app\ios\RunnerTests\RunnerTests.swift", "Swift", 0, 0, 0, 0, 0, 0, 7, 0, 0, 0, 0, 0, 0, 2, 4, 13
"c:\Users\Emanuele\Progetti\LearningByProject\MUFANT-app\app\ios\Runner\AppDelegate.swift", "Swift", 0, 0, 0, 0, 0, 0, 12, 0, 0, 0, 0, 0, 0, 0, 2, 14
"c:\Users\Emanuele\Progetti\LearningByProject\MUFANT-app\app\ios\Runner\Assets.xcassets\AppIcon.appiconset\Contents.json", "JSON", 0, 0, 0, 0, 0, 0, 0, 1, 0, 0, 0, 0, 0, 0, 0, 1
"c:\Users\Emanuele\Progetti\LearningByProject\MUFANT-app\app\ios\Runner\Assets.xcassets\LaunchImage.imageset\Contents.json", "JSON", 0, 0, 0, 0, 0, 0, 0, 23, 0, 0, 0, 0, 0, 0, 1, 24
"c:\Users\Emanuele\Progetti\LearningByProject\MUFANT-app\app\ios\Runner\Assets.xcassets\LaunchImage.imageset\README.md", "Markdown", 0, 0, 3, 0, 0, 0, 0, 0, 0, 0, 0, 0, 0, 0, 2, 5
"c:\Users\Emanuele\Progetti\LearningByProject\MUFANT-app\app\ios\Runner\Base.lproj\LaunchScreen.storyboard", "XML", 0, 0, 0, 0, 0, 0, 0, 0, 36, 0, 0, 0, 0, 1, 1, 38
"c:\Users\Emanuele\Progetti\LearningByProject\MUFANT-app\app\ios\Runner\Base.lproj\Main.storyboard", "XML", 0, 0, 0, 0, 0, 0, 0, 0, 25, 0, 0, 0, 0, 1, 1, 27
"c:\Users\Emanuele\Progetti\LearningByProject\MUFANT-app\app\ios\Runner\Runner-Bridging-Header.h", "C++", 1, 0, 0, 0, 0, 0, 0, 0, 0, 0, 0, 0, 0, 0, 1, 2
"c:\Users\Emanuele\Progetti\LearningByProject\MUFANT-app\app\lib\data\dbManagers\data_migration_helper.dart", "Dart", 0, 152, 0, 0, 0, 0, 0, 0, 0, 0, 0, 0, 0, 19, 25, 196
"c:\Users\Emanuele\Progetti\LearningByProject\MUFANT-app\app\lib\data\dbManagers\database_helper.dart", "Dart", 0, 693, 0, 0, 0, 0, 0, 0, 0, 0, 0, 0, 0, 66, 89, 848
"c:\Users\Emanuele\Progetti\LearningByProject\MUFANT-app\app\lib\data\dbManagers\db_app_manager.dart", "Dart", 0, 218, 0, 0, 0, 0, 0, 0, 0, 0, 0, 0, 0, 26, 39, 283
"c:\Users\Emanuele\Progetti\LearningByProject\MUFANT-app\app\lib\data\dbManagers\db_museum_activity_manager.dart", "Dart", 0, 580, 0, 0, 0, 0, 0, 0, 0, 0, 0, 0, 0, 55, 76, 711
"c:\Users\Emanuele\Progetti\LearningByProject\MUFANT-app\app\lib\data\dbManagers\db_user_manager.dart", "Dart", 0, 447, 0, 0, 0, 0, 0, 0, 0, 0, 0, 0, 0, 58, 78, 583
"c:\Users\Emanuele\Progetti\LearningByProject\MUFANT-app\app\lib\data\services\badge_service.dart", "Dart", 0, 243, 0, 0, 0, 0, 0, 0, 0, 0, 0, 0, 0, 31, 42, 316
"c:\Users\Emanuele\Progetti\LearningByProject\MUFANT-app\app\lib\data\services\chat_service.dart", "Dart", 0, 111, 0, 0, 0, 0, 0, 0, 0, 0, 0, 0, 0, 10, 15, 136
"c:\Users\Emanuele\Progetti\LearningByProject\MUFANT-app\app\lib\data\services\ticket_service.dart", "Dart", 0, 94, 0, 0, 0, 0, 0, 0, 0, 0, 0, 0, 0, 11, 17, 122
"c:\Users\Emanuele\Progetti\LearningByProject\MUFANT-app\app\lib\data\services\user_session_manager.dart", "Dart", 0, 219, 0, 0, 0, 0, 0, 0, 0, 0, 0, 0, 0, 14, 32, 265
"c:\Users\Emanuele\Progetti\LearningByProject\MUFANT-app\app\lib\main.dart", "Dart", 0, 217, 0, 0, 0, 0, 0, 0, 0, 0, 0, 0, 0, 29, 39, 285
"c:\Users\Emanuele\Progetti\LearningByProject\MUFANT-app\app\lib\model\cart\cart_item_model.dart", "Dart", 0, 15, 0, 0, 0, 0, 0, 0, 0, 0, 0, 0, 0, 9, 3, 27
"c:\Users\Emanuele\Progetti\LearningByProject\MUFANT-app\app\lib\model\cart\cart_model.dart", "Dart", 0, 30, 0, 0, 0, 0, 0, 0, 0, 0, 0, 0, 0, 14, 6, 50
"c:\Users\Emanuele\Progetti\LearningByProject\MUFANT-app\app\lib\model\community\chat\all.dart", "Dart", 0, 2, 0, 0, 0, 0, 0, 0, 0, 0, 0, 0, 0, 0, 1, 3
"c:\Users\Emanuele\Progetti\LearningByProject\MUFANT-app\app\lib\model\community\chat\community_chat_message_model.dart", "Dart", 0, 16, 0, 0, 0, 0, 0, 0, 0, 0, 0, 0, 0, 8, 3, 27
"c:\Users\Emanuele\Progetti\LearningByProject\MUFANT-app\app\lib\model\community\chat\community_chat_model.dart", "Dart", 0, 9, 0, 0, 0, 0, 0, 0, 0, 0, 0, 0, 0, 4, 2, 15
"c:\Users\Emanuele\Progetti\LearningByProject\MUFANT-app\app\lib\model\database\activity_details.dart", "Dart", 0, 76, 0, 0, 0, 0, 0, 0, 0, 0, 0, 0, 0, 3, 5, 84
"c:\Users\Emanuele\Progetti\LearningByProject\MUFANT-app\app\lib\model\database\cart.dart", "Dart", 0, 52, 0, 0, 0, 0, 0, 0, 0, 0, 0, 0, 0, 3, 5, 60
"c:\Users\Emanuele\Progetti\LearningByProject\MUFANT-app\app\lib\model\database\cart_item.dart", "Dart", 0, 70, 0, 0, 0, 0, 0, 0, 0, 0, 0, 0, 0, 3, 5, 78
"c:\Users\Emanuele\Progetti\LearningByProject\MUFANT-app\app\lib\model\database\db_manager.dart", "Dart", 0, 6, 0, 0, 0, 0, 0, 0, 0, 0, 0, 0, 0, 8, 2, 16
"c:\Users\Emanuele\Progetti\LearningByProject\MUFANT-app\app\lib\model\database\museum_activity.dart", "Dart", 0, 76, 0, 0, 0, 0, 0, 0, 0, 0, 0, 0, 0, 3, 5, 84
"c:\Users\Emanuele\Progetti\LearningByProject\MUFANT-app\app\lib\model\database\payment.dart", "Dart", 0, 70, 0, 0, 0, 0, 0, 0, 0, 0, 0, 0, 0, 3, 5, 78
"c:\Users\Emanuele\Progetti\LearningByProject\MUFANT-app\app\lib\model\database\tableManagers\museum_activity_table_manager.dart", "Dart", 0, 141, 0, 0, 0, 0, 0, 0, 0, 0, 0, 0, 0, 13, 10, 164
"c:\Users\Emanuele\Progetti\LearningByProject\MUFANT-app\app\lib\model\database\tableManagers\table_manager.dart", "Dart", 0, 30, 0, 0, 0, 0, 0, 0, 0, 0, 0, 0, 0, 23, 10, 63
"c:\Users\Emanuele\Progetti\LearningByProject\MUFANT-app\app\lib\model\database\tableManagers\user_table_manager.dart", "Dart", 0, 203, 0, 0, 0, 0, 0, 0, 0, 0, 0, 0, 0, 21, 27, 251
"c:\Users\Emanuele\Progetti\LearningByProject\MUFANT-app\app\lib\model\database\user.dart", "Dart", 0, 130, 0, 0, 0, 0, 0, 0, 0, 0, 0, 0, 0, 0, 0, 130
"c:\Users\Emanuele\Progetti\LearningByProject\MUFANT-app\app\lib\model\generic\base_entity_model.dart", "Dart", 0, 11, 0, 0, 0, 0, 0, 0, 0, 0, 0, 0, 0, 5, 3, 19
"c:\Users\Emanuele\Progetti\LearningByProject\MUFANT-app\app\lib\model\generic\details_model.dart", "Dart", 0, 90, 0, 0, 0, 0, 0, 0, 0, 0, 0, 0, 0, 10, 8, 108
"c:\Users\Emanuele\Progetti\LearningByProject\MUFANT-app\app\lib\model\generic\money\money_extensions.dart", "Dart", 0, 19, 0, 0, 0, 0, 0, 0, 0, 0, 0, 0, 0, 5, 7, 31
"c:\Users\Emanuele\Progetti\LearningByProject\MUFANT-app\app\lib\model\generic\money\payment\payment_model.dart", "Dart", 0, 52, 0, 0, 0, 0, 0, 0, 0, 0, 0, 0, 0, 11, 6, 69
"c:\Users\Emanuele\Progetti\LearningByProject\MUFANT-app\app\lib\model\generic\money\payment\payment_status.dart", "Dart", 0, 1, 0, 0, 0, 0, 0, 0, 0, 0, 0, 0, 0, 6, 1, 8
"c:\Users\Emanuele\Progetti\LearningByProject\MUFANT-app\app\lib\model\generic\people\museum_visitor_details_model.dart", "Dart", 0, 13, 0, 0, 0, 0, 0, 0, 0, 0, 0, 0, 0, 5, 4, 22
"c:\Users\Emanuele\Progetti\LearningByProject\MUFANT-app\app\lib\model\generic\people\phoneContact\phone_contact_model.dart", "Dart", 0, 16, 0, 0, 0, 0, 0, 0, 0, 0, 0, 0, 0, 7, 4, 27
"c:\Users\Emanuele\Progetti\LearningByProject\MUFANT-app\app\lib\model\generic\people\phoneContact\phone_country_code_model.dart", "Dart", 0, 4, 0, 0, 0, 0, 0, 0, 0, 0, 0, 0, 0, 4, 3, 11
"c:\Users\Emanuele\Progetti\LearningByProject\MUFANT-app\app\lib\model\generic\people\staff\staff_member_model.dart", "Dart", 0, 16, 0, 0, 0, 0, 0, 0, 0, 0, 0, 0, 0, 5, 3, 24
"c:\Users\Emanuele\Progetti\LearningByProject\MUFANT-app\app\lib\model\generic\people\staff\staff_roles.dart", "Dart", 0, 5, 0, 0, 0, 0, 0, 0, 0, 0, 0, 0, 0, 2, 1, 8
"c:\Users\Emanuele\Progetti\LearningByProject\MUFANT-app\app\lib\model\generic\people\user_model.dart", "Dart", 0, 21, 0, 0, 0, 0, 0, 0, 0, 0, 0, 0, 0, 11, 4, 36
"c:\Users\Emanuele\Progetti\LearningByProject\MUFANT-app\app\lib\model\generic\supported_language_model.dart", "Dart", 0, 56, 0, 0, 0, 0, 0, 0, 0, 0, 0, 0, 0, 9, 7, 72
"c:\Users\Emanuele\Progetti\LearningByProject\MUFANT-app\app\lib\model\items\book\book_genre_model.dart", "Dart", 0, 13, 0, 0, 0, 0, 0, 0, 0, 0, 0, 0, 0, 5, 3, 21
"c:\Users\Emanuele\Progetti\LearningByProject\MUFANT-app\app\lib\model\items\book\book_model.dart", "Dart", 0, 22, 0, 0, 0, 0, 0, 0, 0, 0, 0, 0, 0, 8, 4, 34
"c:\Users\Emanuele\Progetti\LearningByProject\MUFANT-app\app\lib\model\items\coupon_model.dart", "Dart", 0, 20, 0, 0, 0, 0, 0, 0, 0, 0, 0, 0, 0, 9, 4, 33
"c:\Users\Emanuele\Progetti\LearningByProject\MUFANT-app\app\lib\model\items\product\product_model.dart", "Dart", 0, 9, 0, 0, 0, 0, 0, 0, 0, 0, 0, 0, 0, 4, 3, 16
"c:\Users\Emanuele\Progetti\LearningByProject\MUFANT-app\app\lib\model\items\product\product_type.dart", "Dart", 0, 1, 0, 0, 0, 0, 0, 0, 0, 0, 0, 0, 0, 1, 1, 3
"c:\Users\Emanuele\Progetti\LearningByProject\MUFANT-app\app\lib\model\items\ticket\museum_activity_charging_rates.dart", "Dart", 0, 9, 0, 0, 0, 0, 0, 0, 0, 0, 0, 0, 0, 2, 1, 12
"c:\Users\Emanuele\Progetti\LearningByProject\MUFANT-app\app\lib\model\items\ticket\ticket_display_data.dart", "Dart", 0, 58, 0, 0, 0, 0, 0, 0, 0, 0, 0, 0, 0, 6, 7, 71
"c:\Users\Emanuele\Progetti\LearningByProject\MUFANT-app\app\lib\model\items\ticket\ticket_model.dart", "Dart", 0, 160, 0, 0, 0, 0, 0, 0, 0, 0, 0, 0, 0, 4, 10, 174
"c:\Users\Emanuele\Progetti\LearningByProject\MUFANT-app\app\lib\model\museum\activity\activity_option.dart", "Dart", 0, 1, 0, 0, 0, 0, 0, 0, 0, 0, 0, 0, 0, 1, 1, 3
"c:\Users\Emanuele\Progetti\LearningByProject\MUFANT-app\app\lib\model\museum\activity\museum_activity_details_model.dart", "Dart", 0, 58, 0, 0, 0, 0, 0, 0, 0, 0, 0, 0, 0, 11, 7, 76
"c:\Users\Emanuele\Progetti\LearningByProject\MUFANT-app\app\lib\model\museum\activity\museum_activity_model.dart", "Dart", 0, 77, 0, 0, 0, 0, 0, 0, 0, 0, 0, 0, 0, 8, 8, 93
"c:\Users\Emanuele\Progetti\LearningByProject\MUFANT-app\app\lib\model\museum\activity\type_of_museum_activity_model.dart", "Dart", 0, 33, 0, 0, 0, 0, 0, 0, 0, 0, 0, 0, 0, 5, 8, 46
"c:\Users\Emanuele\Progetti\LearningByProject\MUFANT-app\app\lib\model\museum\audio\audio_guide_model.dart", "Dart", 0, 16, 0, 0, 0, 0, 0, 0, 0, 0, 0, 0, 0, 9, 3, 28
"c:\Users\Emanuele\Progetti\LearningByProject\MUFANT-app\app\lib\model\museum\audio\audio_guide_section_model.dart", "Dart", 0, 24, 0, 0, 0, 0, 0, 0, 0, 0, 0, 0, 0, 13, 3, 40
"c:\Users\Emanuele\Progetti\LearningByProject\MUFANT-app\app\lib\model\museum\audio\voice_character_model.dart", "Dart", 0, 11, 0, 0, 0, 0, 0, 0, 0, 0, 0, 0, 0, 10, 3, 24
"c:\Users\Emanuele\Progetti\LearningByProject\MUFANT-app\app\lib\model\museum\subscription_model.dart", "Dart", 0, 38, 0, 0, 0, 0, 0, 0, 0, 0, 0, 0, 0, 4, 8, 50
"c:\Users\Emanuele\Progetti\LearningByProject\MUFANT-app\app\lib\model\museum\visit\educational\educational_visit_model.dart", "Dart", 0, 26, 0, 0, 0, 0, 0, 0, 0, 0, 0, 0, 0, 13, 3, 42
"c:\Users\Emanuele\Progetti\LearningByProject\MUFANT-app\app\lib\model\museum\visit\educational\educational_visit_number_of_participants_model.dart", "Dart", 0, 12, 0, 0, 0, 0, 0, 0, 0, 0, 0, 0, 0, 11, 3, 26
"c:\Users\Emanuele\Progetti\LearningByProject\MUFANT-app\app\lib\model\museum\visit\guided\guided_visit_model.dart", "Dart", 0, 28, 0, 0, 0, 0, 0, 0, 0, 0, 0, 0, 0, 11, 3, 42
"c:\Users\Emanuele\Progetti\LearningByProject\MUFANT-app\app\lib\model\museum\visit\guided\guided_visit_number_of_participants_model.dart", "Dart", 0, 58, 0, 0, 0, 0, 0, 0, 0, 0, 0, 0, 0, 9, 7, 74
"c:\Users\Emanuele\Progetti\LearningByProject\MUFANT-app\app\lib\model\museum\visit\visit_details_model.dart", "Dart", 0, 14, 0, 0, 0, 0, 0, 0, 0, 0, 0, 0, 0, 11, 3, 28
"c:\Users\Emanuele\Progetti\LearningByProject\MUFANT-app\app\lib\presentation\app_main.dart", "Dart", 0, 124, 0, 0, 0, 0, 0, 0, 0, 0, 0, 0, 0, 2, 17, 143
"c:\Users\Emanuele\Progetti\LearningByProject\MUFANT-app\app\lib\presentation\app_pre_configurator.dart", "Dart", 0, 34, 0, 0, 0, 0, 0, 0, 0, 0, 0, 0, 0, 2, 5, 41
"c:\Users\Emanuele\Progetti\LearningByProject\MUFANT-app\app\lib\presentation\models\cart_utils.dart", "Dart", 0, 23, 0, 0, 0, 0, 0, 0, 0, 0, 0, 0, 0, 3, 3, 29
"c:\Users\Emanuele\Progetti\LearningByProject\MUFANT-app\app\lib\presentation\models\shop_event_item.dart", "Dart", 0, 87, 0, 0, 0, 0, 0, 0, 0, 0, 0, 0, 0, 4, 6, 97
"c:\Users\Emanuele\Progetti\LearningByProject\MUFANT-app\app\lib\presentation\services\badWords\bad_words.dart", "Dart", 0, 1424, 0, 0, 0, 0, 0, 0, 0, 0, 0, 0, 0, 2, 1, 1427
"c:\Users\Emanuele\Progetti\LearningByProject\MUFANT-app\app\lib\presentation\services\badWords\bad_words_filter_service.dart", "Dart", 0, 247, 0, 0, 0, 0, 0, 0, 0, 0, 0, 0, 0, 19, 25, 291
"c:\Users\Emanuele\Progetti\LearningByProject\MUFANT-app\app\lib\presentation\services\search_service.dart", "Dart", 0, 265, 0, 0, 0, 0, 0, 0, 0, 0, 0, 0, 0, 15, 28, 308
"c:\Users\Emanuele\Progetti\LearningByProject\MUFANT-app\app\lib\presentation\styles\all.dart", "Dart", 0, 5, 0, 0, 0, 0, 0, 0, 0, 0, 0, 0, 0, 0, 1, 6
"c:\Users\Emanuele\Progetti\LearningByProject\MUFANT-app\app\lib\presentation\styles\animation_durations.dart", "Dart", 0, 2, 0, 0, 0, 0, 0, 0, 0, 0, 0, 0, 0, 0, 1, 3
"c:\Users\Emanuele\Progetti\LearningByProject\MUFANT-app\app\lib\presentation\styles\colors\event.dart", "Dart", 0, 2, 0, 0, 0, 0, 0, 0, 0, 0, 0, 0, 0, 0, 3, 5
"c:\Users\Emanuele\Progetti\LearningByProject\MUFANT-app\app\lib\presentation\styles\colors\generic.dart", "Dart", 0, 4, 0, 0, 0, 0, 0, 0, 0, 0, 0, 0, 0, 0, 2, 6
"c:\Users\Emanuele\Progetti\LearningByProject\MUFANT-app\app\lib\presentation\styles\colors\skeleton.dart", "Dart", 0, 3, 0, 0, 0, 0, 0, 0, 0, 0, 0, 0, 0, 0, 2, 5
"c:\Users\Emanuele\Progetti\LearningByProject\MUFANT-app\app\lib\presentation\styles\spacing\checkout.dart", "Dart", 0, 9, 0, 0, 0, 0, 0, 0, 0, 0, 0, 0, 0, 0, 3, 12
"c:\Users\Emanuele\Progetti\LearningByProject\MUFANT-app\app\lib\presentation\styles\spacing\community.dart", "Dart", 0, 3, 0, 0, 0, 0, 0, 0, 0, 0, 0, 0, 0, 0, 2, 5
"c:\Users\Emanuele\Progetti\LearningByProject\MUFANT-app\app\lib\presentation\styles\spacing\generic.dart", "Dart", 0, 3, 0, 0, 0, 0, 0, 0, 0, 0, 0, 0, 0, 0, 2, 5
"c:\Users\Emanuele\Progetti\LearningByProject\MUFANT-app\app\lib\presentation\styles\spacing\section.dart", "Dart", 0, 3, 0, 0, 0, 0, 0, 0, 0, 0, 0, 0, 0, 0, 5, 8
"c:\Users\Emanuele\Progetti\LearningByProject\MUFANT-app\app\lib\presentation\styles\spacing\visitors_guide.dart", "Dart", 0, 3, 0, 0, 0, 0, 0, 0, 0, 0, 0, 0, 0, 0, 3, 6
"c:\Users\Emanuele\Progetti\LearningByProject\MUFANT-app\app\lib\presentation\styles\typography\section.dart", "Dart", 0, 8, 0, 0, 0, 0, 0, 0, 0, 0, 0, 0, 0, 0, 3, 11
"c:\Users\Emanuele\Progetti\LearningByProject\MUFANT-app\app\lib\presentation\styles\typography\tab_bar.dart", "Dart", 0, 13, 0, 0, 0, 0, 0, 0, 0, 0, 0, 0, 0, 0, 5, 18
"c:\Users\Emanuele\Progetti\LearningByProject\MUFANT-app\app\lib\presentation\theme\custom_colors.dart", "Dart", 0, 0, 0, 0, 0, 0, 0, 0, 0, 0, 0, 0, 0, 0, 1, 1
"c:\Users\Emanuele\Progetti\LearningByProject\MUFANT-app\app\lib\presentation\theme\custom_style.dart", "Dart", 0, 0, 0, 0, 0, 0, 0, 0, 0, 0, 0, 0, 0, 0, 1, 1
"c:\Users\Emanuele\Progetti\LearningByProject\MUFANT-app\app\lib\presentation\theme\theme.dart", "Dart", 0, 0, 0, 0, 0, 0, 0, 0, 0, 0, 0, 0, 0, 0, 1, 1
"c:\Users\Emanuele\Progetti\LearningByProject\MUFANT-app\app\lib\presentation\views\button_scanner_demo.dart", "Dart", 0, 240, 0, 0, 0, 0, 0, 0, 0, 0, 0, 0, 0, 11, 17, 268
"c:\Users\Emanuele\Progetti\LearningByProject\MUFANT-app\app\lib\presentation\views\checkout\cart_confirmation\cart_confirmation_page.dart", "Dart", 0, 422, 0, 0, 0, 0, 0, 0, 0, 0, 0, 0, 0, 36, 34, 492
"c:\Users\Emanuele\Progetti\LearningByProject\MUFANT-app\app\lib\presentation\views\checkout\checkout_page.dart", "Dart", 0, 527, 0, 0, 0, 0, 0, 0, 0, 0, 0, 0, 0, 11, 19, 557
"c:\Users\Emanuele\Progetti\LearningByProject\MUFANT-app\app\lib\presentation\views\checkout\payment_processing_page.dart", "Dart", 0, 113, 0, 0, 0, 0, 0, 0, 0, 0, 0, 0, 0, 5, 8, 126
"c:\Users\Emanuele\Progetti\LearningByProject\MUFANT-app\app\lib\presentation\views\checkout\payment_success_page.dart", "Dart", 0, 128, 0, 0, 0, 0, 0, 0, 0, 0, 0, 0, 0, 5, 4, 137
"c:\Users\Emanuele\Progetti\LearningByProject\MUFANT-app\app\lib\presentation\views\community\community_chat_page.dart", "Dart", 0, 431, 0, 0, 0, 0, 0, 0, 0, 0, 0, 0, 0, 9, 31, 471
"c:\Users\Emanuele\Progetti\LearningByProject\MUFANT-app\app\lib\presentation\views\community\community_chats_list_page.dart", "Dart", 0, 343, 0, 0, 0, 0, 0, 0, 0, 0, 0, 0, 0, 6, 12, 361
"c:\Users\Emanuele\Progetti\LearningByProject\MUFANT-app\app\lib\presentation\views\events\event_page.dart", "Dart", 0, 396, 0, 0, 0, 0, 0, 0, 0, 0, 0, 0, 0, 26, 25, 447
"c:\Users\Emanuele\Progetti\LearningByProject\MUFANT-app\app\lib\presentation\views\events\room_details_page.dart", "Dart", 0, 545, 0, 0, 0, 0, 0, 0, 0, 0, 0, 0, 0, 40, 34, 619
"c:\Users\Emanuele\Progetti\LearningByProject\MUFANT-app\app\lib\presentation\views\introductionScreens\README.md", "Markdown", 0, 0, 83, 0, 0, 0, 0, 0, 0, 0, 0, 0, 0, 0, 37, 120
"c:\Users\Emanuele\Progetti\LearningByProject\MUFANT-app\app\lib\presentation\views\introductionScreens\introduction_screens.dart", "Dart", 0, 3, 0, 0, 0, 0, 0, 0, 0, 0, 0, 0, 0, 2, 2, 7
"c:\Users\Emanuele\Progetti\LearningByProject\MUFANT-app\app\lib\presentation\views\introductionScreens\models\onboarding_page_data.dart", "Dart", 0, 33, 0, 0, 0, 0, 0, 0, 0, 0, 0, 0, 0, 5, 6, 44
"c:\Users\Emanuele\Progetti\LearningByProject\MUFANT-app\app\lib\presentation\views\introductionScreens\views\onboarding_screen.dart", "Dart", 0, 288, 0, 0, 0, 0, 0, 0, 0, 0, 0, 0, 0, 23, 19, 330
"c:\Users\Emanuele\Progetti\LearningByProject\MUFANT-app\app\lib\presentation\views\loginPage\login_page.dart", "Dart", 0, 411, 0, 0, 0, 0, 0, 0, 0, 0, 0, 0, 0, 11, 14, 436
"c:\Users\Emanuele\Progetti\LearningByProject\MUFANT-app\app\lib\presentation\views\loginPage\registration_page.dart", "Dart", 0, 599, 0, 0, 0, 0, 0, 0, 0, 0, 0, 0, 0, 13, 16, 628
"c:\Users\Emanuele\Progetti\LearningByProject\MUFANT-app\app\lib\presentation\views\notifications\notification_screen.dart", "Dart", 0, 163, 0, 0, 0, 0, 0, 0, 0, 0, 0, 0, 0, 0, 10, 173
"c:\Users\Emanuele\Progetti\LearningByProject\MUFANT-app\app\lib\presentation\views\splashPage\splash_page.dart", "Dart", 0, 108, 0, 0, 0, 0, 0, 0, 0, 0, 0, 0, 0, 12, 20, 140
"c:\Users\Emanuele\Progetti\LearningByProject\MUFANT-app\app\lib\presentation\views\tabBarPages\home_page.dart", "Dart", 0, 663, 0, 0, 0, 0, 0, 0, 0, 0, 0, 0, 0, 43, 63, 769
"c:\Users\Emanuele\Progetti\LearningByProject\MUFANT-app\app\lib\presentation\views\tabBarPages\map_page.dart", "Dart", 0, 177, 0, 0, 0, 0, 0, 0, 0, 0, 0, 0, 0, 5, 7, 189
"c:\Users\Emanuele\Progetti\LearningByProject\MUFANT-app\app\lib\presentation\views\tabBarPages\profilePage\avatar_selector_modal.dart", "Dart", 0, 155, 0, 0, 0, 0, 0, 0, 0, 0, 0, 0, 0, 16, 21, 192
"c:\Users\Emanuele\Progetti\LearningByProject\MUFANT-app\app\lib\presentation\views\tabBarPages\profilePage\badge.dart", "Dart", 0, 85, 0, 0, 0, 0, 0, 0, 0, 0, 0, 0, 0, 5, 6, 96
"c:\Users\Emanuele\Progetti\LearningByProject\MUFANT-app\app\lib\presentation\views\tabBarPages\profilePage\badge_data.dart", "Dart", 0, 83, 0, 0, 0, 0, 0, 0, 0, 0, 0, 0, 0, 6, 8, 97
"c:\Users\Emanuele\Progetti\LearningByProject\MUFANT-app\app\lib\presentation\views\tabBarPages\profilePage\badge_detail_modal.dart", "Dart", 0, 229, 0, 0, 0, 0, 0, 0, 0, 0, 0, 0, 0, 9, 16, 254
"c:\Users\Emanuele\Progetti\LearningByProject\MUFANT-app\app\lib\presentation\views\tabBarPages\profilePage\badge_new.dart", "Dart", 0, 82, 0, 0, 0, 0, 0, 0, 0, 0, 0, 0, 0, 3, 5, 90
"c:\Users\Emanuele\Progetti\LearningByProject\MUFANT-app\app\lib\presentation\views\tabBarPages\profilePage\badges_section.dart", "Dart", 0, 164, 0, 0, 0, 0, 0, 0, 0, 0, 0, 0, 0, 3, 13, 180
"c:\Users\Emanuele\Progetti\LearningByProject\MUFANT-app\app\lib\presentation\views\tabBarPages\profilePage\fullscreen_wallpaper_view.dart", "Dart", 0, 164, 0, 0, 0, 0, 0, 0, 0, 0, 0, 0, 0, 8, 15, 187
"c:\Users\Emanuele\Progetti\LearningByProject\MUFANT-app\app\lib\presentation\views\tabBarPages\profilePage\profile_page.dart", "Dart", 0, 407, 0, 0, 0, 0, 0, 0, 0, 0, 0, 0, 0, 19, 25, 451
"c:\Users\Emanuele\Progetti\LearningByProject\MUFANT-app\app\lib\presentation\views\tabBarPages\profilePage\settings_page.dart", "Dart", 0, 541, 0, 0, 0, 0, 0, 0, 0, 0, 0, 0, 0, 14, 31, 586
"c:\Users\Emanuele\Progetti\LearningByProject\MUFANT-app\app\lib\presentation\views\tabBarPages\profilePage\ticketList\ticket_list_page.dart", "Dart", 0, 583, 0, 0, 0, 0, 0, 0, 0, 0, 0, 0, 0, 21, 39, 643
"c:\Users\Emanuele\Progetti\LearningByProject\MUFANT-app\app\lib\presentation\views\tabBarPages\profilePage\ticket_list_page.dart", "Dart", 0, 0, 0, 0, 0, 0, 0, 0, 0, 0, 0, 0, 0, 0, 1, 1
"c:\Users\Emanuele\Progetti\LearningByProject\MUFANT-app\app\lib\presentation\views\tabBarPages\profilePage\tickets_section.dart", "Dart", 0, 540, 0, 0, 0, 0, 0, 0, 0, 0, 0, 0, 0, 27, 48, 615
"c:\Users\Emanuele\Progetti\LearningByProject\MUFANT-app\app\lib\presentation\views\tabBarPages\profilePage\user_avatar_section.dart", "Dart", 0, 119, 0, 0, 0, 0, 0, 0, 0, 0, 0, 0, 0, 8, 26, 153
"c:\Users\Emanuele\Progetti\LearningByProject\MUFANT-app\app\lib\presentation\views\tabBarPages\profilePage\wallpaper_section.dart", "Dart", 0, 39, 0, 0, 0, 0, 0, 0, 0, 0, 0, 0, 0, 1, 4, 44
"c:\Users\Emanuele\Progetti\LearningByProject\MUFANT-app\app\lib\presentation\views\tabBarPages\profilePage\wallpaper_thumbnail.dart", "Dart", 0, 45, 0, 0, 0, 0, 0, 0, 0, 0, 0, 0, 0, 1, 4, 50
"c:\Users\Emanuele\Progetti\LearningByProject\MUFANT-app\app\lib\presentation\views\tabBarPages\shop_page.dart", "Dart", 0, 763, 0, 0, 0, 0, 0, 0, 0, 0, 0, 0, 0, 34, 48, 845
"c:\Users\Emanuele\Progetti\LearningByProject\MUFANT-app\app\lib\presentation\widgets\all.dart", "Dart", 0, 7, 0, 0, 0, 0, 0, 0, 0, 0, 0, 0, 0, 0, 1, 8
"c:\Users\Emanuele\Progetti\LearningByProject\MUFANT-app\app\lib\presentation\widgets\animated_fade_in_column.dart", "Dart", 0, 71, 0, 0, 0, 0, 0, 0, 0, 0, 0, 0, 0, 1, 9, 81
"c:\Users\Emanuele\Progetti\LearningByProject\MUFANT-app\app\lib\presentation\widgets\animated_tab_bar.dart", "Dart", 0, 84, 0, 0, 0, 0, 0, 0, 0, 0, 0, 0, 0, 1, 4, 89
"c:\Users\Emanuele\Progetti\LearningByProject\MUFANT-app\app\lib\presentation\widgets\bars\app_bar_widget.dart", "Dart", 0, 207, 0, 0, 0, 0, 0, 0, 0, 0, 0, 0, 0, 13, 7, 227
"c:\Users\Emanuele\Progetti\LearningByProject\MUFANT-app\app\lib\presentation\widgets\bars\tabBar\my_tab_bar.dart", "Dart", 0, 204, 0, 0, 0, 0, 0, 0, 0, 0, 0, 0, 0, 0, 15, 219
"c:\Users\Emanuele\Progetti\LearningByProject\MUFANT-app\app\lib\presentation\widgets\bars\tabBar\my_tab_bar_buttons.dart", "Dart", 0, 56, 0, 0, 0, 0, 0, 0, 0, 0, 0, 0, 0, 0, 2, 58
"c:\Users\Emanuele\Progetti\LearningByProject\MUFANT-app\app\lib\presentation\widgets\community_chats_button.dart", "Dart", 0, 119, 0, 0, 0, 0, 0, 0, 0, 0, 0, 0, 0, 5, 13, 137
"c:\Users\Emanuele\Progetti\LearningByProject\MUFANT-app\app\lib\presentation\widgets\filtered_text_field.dart", "Dart", 0, 106, 0, 0, 0, 0, 0, 0, 0, 0, 0, 0, 0, 2, 13, 121
"c:\Users\Emanuele\Progetti\LearningByProject\MUFANT-app\app\lib\presentation\widgets\others\community_chat_section_widget.dart", "Dart", 0, 32, 0, 0, 0, 0, 0, 0, 0, 0, 0, 0, 0, 0, 3, 35
"c:\Users\Emanuele\Progetti\LearningByProject\MUFANT-app\app\lib\presentation\widgets\others\visitors_guide_widget.dart", "Dart", 0, 119, 0, 0, 0, 0, 0, 0, 0, 0, 0, 0, 0, 0, 4, 123
"c:\Users\Emanuele\Progetti\LearningByProject\MUFANT-app\app\lib\presentation\widgets\scrollViews\custom_list_widget.dart", "Dart", 0, 84, 0, 0, 0, 0, 0, 0, 0, 0, 0, 0, 0, 1, 5, 90
"c:\Users\Emanuele\Progetti\LearningByProject\MUFANT-app\app\lib\presentation\widgets\scrollViews\items\event_card.dart", "Dart", 0, 105, 0, 0, 0, 0, 0, 0, 0, 0, 0, 0, 0, 0, 4, 109
"c:\Users\Emanuele\Progetti\LearningByProject\MUFANT-app\app\lib\presentation\widgets\scrollViews\items\wallpaper_card.dart", "Dart", 0, 58, 0, 0, 0, 0, 0, 0, 0, 0, 0, 0, 0, 0, 4, 62
"c:\Users\Emanuele\Progetti\LearningByProject\MUFANT-app\app\lib\presentation\widgets\scrollViews\wallpaper_carousel.dart", "Dart", 0, 31, 0, 0, 0, 0, 0, 0, 0, 0, 0, 0, 0, 0, 5, 36
"c:\Users\Emanuele\Progetti\LearningByProject\MUFANT-app\app\lib\presentation\widgets\shop\cart_summary.dart", "Dart", 0, 181, 0, 0, 0, 0, 0, 0, 0, 0, 0, 0, 0, 3, 7, 191
"c:\Users\Emanuele\Progetti\LearningByProject\MUFANT-app\app\lib\presentation\widgets\shop\confirmation_card.dart", "Dart", 0, 148, 0, 0, 0, 0, 0, 0, 0, 0, 0, 0, 0, 4, 4, 156
"c:\Users\Emanuele\Progetti\LearningByProject\MUFANT-app\app\lib\presentation\widgets\shop\shop_card.dart", "Dart", 0, 395, 0, 0, 0, 0, 0, 0, 0, 0, 0, 0, 0, 10, 17, 422
"c:\Users\Emanuele\Progetti\LearningByProject\MUFANT-app\app\lib\test_badge_images.dart", "Dart", 0, 76, 0, 0, 0, 0, 0, 0, 0, 0, 0, 0, 0, 0, 4, 80
"c:\Users\Emanuele\Progetti\LearningByProject\MUFANT-app\app\lib\utils\app_logger.dart", "Dart", 0, 44, 0, 0, 0, 0, 0, 0, 0, 0, 0, 0, 0, 11, 7, 62
"c:\Users\Emanuele\Progetti\LearningByProject\MUFANT-app\app\lib\utils\app_text_indexer.dart", "Dart", 0, 40, 0, 0, 0, 0, 0, 0, 0, 0, 0, 0, 0, 7, 7, 54
"c:\Users\Emanuele\Progetti\LearningByProject\MUFANT-app\app\lib\utils\app_text_search.dart", "Dart", 0, 28, 0, 0, 0, 0, 0, 0, 0, 0, 0, 0, 0, 4, 2, 34
"c:\Users\Emanuele\Progetti\LearningByProject\MUFANT-app\app\lib\utils\button_scanner.dart", "Dart", 0, 183, 0, 0, 0, 0, 0, 0, 0, 0, 0, 0, 0, 20, 23, 226
"c:\Users\Emanuele\Progetti\LearningByProject\MUFANT-app\app\lib\utils\button_scanner_wrapper.dart", "Dart", 0, 55, 0, 0, 0, 0, 0, 0, 0, 0, 0, 0, 0, 9, 14, 78
"c:\Users\Emanuele\Progetti\LearningByProject\MUFANT-app\app\linux\flutter\generated_plugin_registrant.cc", "C++", 3, 0, 0, 0, 0, 0, 0, 0, 0, 0, 0, 0, 0, 4, 5, 12
"c:\Users\Emanuele\Progetti\LearningByProject\MUFANT-app\app\linux\flutter\generated_plugin_registrant.h", "C++", 5, 0, 0, 0, 0, 0, 0, 0, 0, 0, 0, 0, 0, 5, 6, 16
"c:\Users\Emanuele\Progetti\LearningByProject\MUFANT-app\app\linux\runner\main.cc", "C++", 5, 0, 0, 0, 0, 0, 0, 0, 0, 0, 0, 0, 0, 0, 2, 7
"c:\Users\Emanuele\Progetti\LearningByProject\MUFANT-app\app\linux\runner\my_application.cc", "C++", 83, 0, 0, 0, 0, 0, 0, 0, 0, 0, 0, 0, 0, 21, 27, 131
"c:\Users\Emanuele\Progetti\LearningByProject\MUFANT-app\app\linux\runner\my_application.h", "C++", 7, 0, 0, 0, 0, 0, 0, 0, 0, 0, 0, 0, 0, 7, 5, 19
"c:\Users\Emanuele\Progetti\LearningByProject\MUFANT-app\app\macos\Flutter\GeneratedPluginRegistrant.swift", "Swift", 0, 0, 0, 0, 0, 0, 12, 0, 0, 0, 0, 0, 0, 3, 4, 19
"c:\Users\Emanuele\Progetti\LearningByProject\MUFANT-app\app\macos\RunnerTests\RunnerTests.swift", "Swift", 0, 0, 0, 0, 0, 0, 7, 0, 0, 0, 0, 0, 0, 2, 4, 13
"c:\Users\Emanuele\Progetti\LearningByProject\MUFANT-app\app\macos\Runner\AppDelegate.swift", "Swift", 0, 0, 0, 0, 0, 0, 11, 0, 0, 0, 0, 0, 0, 0, 3, 14
"c:\Users\Emanuele\Progetti\LearningByProject\MUFANT-app\app\macos\Runner\Assets.xcassets\AppIcon.appiconset\Contents.json", "JSON", 0, 0, 0, 0, 0, 0, 0, 68, 0, 0, 0, 0, 0, 0, 0, 68
"c:\Users\Emanuele\Progetti\LearningByProject\MUFANT-app\app\macos\Runner\Base.lproj\MainMenu.xib", "XML", 0, 0, 0, 0, 0, 0, 0, 0, 343, 0, 0, 0, 0, 0, 1, 344
"c:\Users\Emanuele\Progetti\LearningByProject\MUFANT-app\app\macos\Runner\MainFlutterWindow.swift", "Swift", 0, 0, 0, 0, 0, 0, 12, 0, 0, 0, 0, 0, 0, 0, 4, 16
"c:\Users\Emanuele\Progetti\LearningByProject\MUFANT-app\app\pubspec.yaml", "YAML", 0, 0, 0, 61, 0, 0, 0, 0, 0, 0, 0, 0, 0, 64, 16, 141
"c:\Users\Emanuele\Progetti\LearningByProject\MUFANT-app\app\scripts\check_database_status.py", "Python", 0, 0, 0, 0, 30, 0, 0, 0, 0, 0, 0, 0, 0, 5, 12, 47
"c:\Users\Emanuele\Progetti\LearningByProject\MUFANT-app\app\scripts\check_db_schema.py", "Python", 0, 0, 0, 0, 22, 0, 0, 0, 0, 0, 0, 0, 0, 2, 7, 31
"c:\Users\Emanuele\Progetti\LearningByProject\MUFANT-app\app\scripts\complete_migration.ps1", "PowerShell", 0, 0, 0, 0, 0, 26, 0, 0, 0, 0, 0, 0, 0, 5, 6, 37
"c:\Users\Emanuele\Progetti\LearningByProject\MUFANT-app\app\scripts\database_setup.py", "Python", 0, 0, 0, 0, 153, 0, 0, 0, 0, 0, 0, 0, 0, 13, 27, 193
"c:\Users\Emanuele\Progetti\LearningByProject\MUFANT-app\app\scripts\populate_museum_activities.py", "Python", 0, 0, 0, 0, 93, 0, 0, 0, 0, 0, 0, 0, 0, 5, 10, 108
"c:\Users\Emanuele\Progetti\LearningByProject\MUFANT-app\app\scripts\reset_database.py", "Python", 0, 0, 0, 0, 0, 0, 0, 0, 0, 0, 0, 0, 0, 0, 1, 1
"c:\Users\Emanuele\Progetti\LearningByProject\MUFANT-app\app\scripts\setup_database.py", "Python", 0, 0, 0, 0, 101, 0, 0, 0, 0, 0, 0, 0, 0, 7, 14, 122
"c:\Users\Emanuele\Progetti\LearningByProject\MUFANT-app\app\test\README.md", "Markdown", 0, 0, 74, 0, 0, 0, 0, 0, 0, 0, 0, 0, 0, 0, 29, 103
"c:\Users\Emanuele\Progetti\LearningByProject\MUFANT-app\app\test\model\generic\base_entity_model_test.dart", "Dart", 0, 76, 0, 0, 0, 0, 0, 0, 0, 0, 0, 0, 0, 33, 17, 126
"c:\Users\Emanuele\Progetti\LearningByProject\MUFANT-app\app\test\model\generic\details_model_test.dart", "Dart", 0, 202, 0, 0, 0, 0, 0, 0, 0, 0, 0, 0, 0, 68, 33, 303
"c:\Users\Emanuele\Progetti\LearningByProject\MUFANT-app\app\test\model\generic\money\money_extensions_test.dart", "Dart", 0, 41, 0, 0, 0, 0, 0, 0, 0, 0, 0, 0, 0, 54, 22, 117
"c:\Users\Emanuele\Progetti\LearningByProject\MUFANT-app\app\test\model\generic\supported_language_model_test.dart", "Dart", 0, 214, 0, 0, 0, 0, 0, 0, 0, 0, 0, 0, 0, 77, 37, 328
"c:\Users\Emanuele\Progetti\LearningByProject\MUFANT-app\app\test\models\cart_utils_test.dart", "Dart", 0, 21, 0, 0, 0, 0, 0, 0, 0, 0, 0, 0, 0, 2, 4, 27
"c:\Users\Emanuele\Progetti\LearningByProject\MUFANT-app\app\test\tabBarPages\shop_page_exceeding_tickets_test.dart", "Dart", 0, 30, 0, 0, 0, 0, 0, 0, 0, 0, 0, 0, 0, 6, 7, 43
"c:\Users\Emanuele\Progetti\LearningByProject\MUFANT-app\app\test\ticket_service_test.dart", "Dart", 0, 61, 0, 0, 0, 0, 0, 0, 0, 0, 0, 0, 0, 0, 7, 68
"c:\Users\Emanuele\Progetti\LearningByProject\MUFANT-app\app\test_badge_data.dart", "Dart", 0, 22, 0, 0, 0, 0, 0, 0, 0, 0, 0, 0, 0, 1, 4, 27
"c:\Users\Emanuele\Progetti\LearningByProject\MUFANT-app\app\test_badge_system.dart", "Dart", 0, 56, 0, 0, 0, 0, 0, 0, 0, 0, 0, 0, 0, 3, 14, 73
"c:\Users\Emanuele\Progetti\LearningByProject\MUFANT-app\app\test_debug.dart", "Dart", 0, 37, 0, 0, 0, 0, 0, 0, 0, 0, 0, 0, 0, 2, 6, 45
"c:\Users\Emanuele\Progetti\LearningByProject\MUFANT-app\app\web\index.html", "HTML", 0, 0, 0, 0, 0, 0, 0, 0, 0, 19, 0, 0, 0, 15, 5, 39
"c:\Users\Emanuele\Progetti\LearningByProject\MUFANT-app\app\web\manifest.json", "JSON", 0, 0, 0, 0, 0, 0, 0, 35, 0, 0, 0, 0, 0, 0, 0, 35
"c:\Users\Emanuele\Progetti\LearningByProject\MUFANT-app\app\windows\flutter\generated_plugin_registrant.cc", "C++", 6, 0, 0, 0, 0, 0, 0, 0, 0, 0, 0, 0, 0, 4, 5, 15
"c:\Users\Emanuele\Progetti\LearningByProject\MUFANT-app\app\windows\flutter\generated_plugin_registrant.h", "C++", 5, 0, 0, 0, 0, 0, 0, 0, 0, 0, 0, 0, 0, 5, 6, 16
"c:\Users\Emanuele\Progetti\LearningByProject\MUFANT-app\app\windows\runner\flutter_window.cpp", "C++", 49, 0, 0, 0, 0, 0, 0, 0, 0, 0, 0, 0, 0, 7, 16, 72
"c:\Users\Emanuele\Progetti\LearningByProject\MUFANT-app\app\windows\runner\flutter_window.h", "C++", 20, 0, 0, 0, 0, 0, 0, 0, 0, 0, 0, 0, 0, 5, 9, 34
"c:\Users\Emanuele\Progetti\LearningByProject\MUFANT-app\app\windows\runner\main.cpp", "C++", 30, 0, 0, 0, 0, 0, 0, 0, 0, 0, 0, 0, 0, 4, 10, 44
"c:\Users\Emanuele\Progetti\LearningByProject\MUFANT-app\app\windows\runner\resource.h", "C++", 9, 0, 0, 0, 0, 0, 0, 0, 0, 0, 0, 0, 0, 6, 2, 17
"c:\Users\Emanuele\Progetti\LearningByProject\MUFANT-app\app\windows\runner\utils.cpp", "C++", 54, 0, 0, 0, 0, 0, 0, 0, 0, 0, 0, 0, 0, 2, 10, 66
"c:\Users\Emanuele\Progetti\LearningByProject\MUFANT-app\app\windows\runner\utils.h", "C++", 8, 0, 0, 0, 0, 0, 0, 0, 0, 0, 0, 0, 0, 6, 6, 20
"c:\Users\Emanuele\Progetti\LearningByProject\MUFANT-app\app\windows\runner\win32_window.cpp", "C++", 210, 0, 0, 0, 0, 0, 0, 0, 0, 0, 0, 0, 0, 24, 55, 289
"c:\Users\Emanuele\Progetti\LearningByProject\MUFANT-app\app\windows\runner\win32_window.h", "C++", 48, 0, 0, 0, 0, 0, 0, 0, 0, 0, 0, 0, 0, 31, 24, 103
"Total", "-", 543, 19936, 273, 88, 399, 26, 61, 643, 470, 567, 71, 8, 3, 1837, 2365, 27290